algorithm,params,features,n_features,train_time,predict_time,mem_max,f1,accuracy,roc_auc,confusion_matrix
<class 'sklearn.neighbors._classification.KNeighborsClassifier'>,"{'n_jobs': -1, 'n_neighbors': 5, 'p': 3}","('1620', '666', '2182', '3143', '1834', '851', '844', '3021', '2092', '2596', '2828', '543', '2719', '1862', '3793', '363', '2972', '1355', '412', '3265', '2363', '2519', '1148', '384', '3211', '2130', '3034', '1688')",28,0.0031521000000012123,0.00098476231155781,3773.0625,0.15517241379310345,0.507537688442211,0.3967204301075269,"[[92 32]
 [66  9]]"
<class 'sklearn.neighbors._classification.KNeighborsClassifier'>,"{'n_jobs': -1, 'n_neighbors': 3, 'p': 3}","('1620', '666', '2182', '3143', '1834', '851', '844', '3021', '2092', '2596', '2828', '543', '2719', '1862', '3793', '363', '2972', '1355', '412', '3265', '2363', '2519', '1148', '384', '3211', '2130', '3034', '1688')",28,0.00309610000000049,0.0009417326633165625,3776.03515625,0.23255813953488372,0.5025125628140703,0.40311827956989243,"[[85 39]
 [60 15]]"
<class 'sklearn.neighbors._classification.KNeighborsClassifier'>,"{'n_jobs': -1, 'n_neighbors': 5, 'p': 2}","('1620', '666', '2182', '3143', '1834', '851', '844', '3021', '2092', '2596', '2828', '543', '2719', '1862', '3793', '363', '2972', '1355', '412', '3265', '2363', '2519', '1148', '384', '3211', '2130', '3034', '1688')",28,0.0025424999999899,0.0009475698492462268,3778.69140625,0.20168067226890754,0.5226130653266332,0.4151075268817204,"[[92 32]
 [63 12]]"
