petal_length,sepal_width,sepal_length,y
0.03448275862068964,0.05555555555555536,0.05555555555555558,0
0.4827586206896551,0.2777777777777779,0.25,1
0.8103448275862069,0.16666666666666652,0.6666666666666667,2
0.06896551724137928,0.5,0.16666666666666674,0
0.7586206896551724,0.5,0.5833333333333335,2
0.6206896551724137,0.33333333333333326,0.4999999999999998,1
0.6724137931034482,0.16666666666666652,0.5555555555555556,2
